Hart ,Harry ,27-02-1997,harryhart1997@gmail.com,9855774730
Dummy,dummy,27-02-1997,dummy1997@gmail.com,75556678898

Bhandarkar,Adokshaj,27-02-1997,badokshaj@xyz.com,57788499933
Specter,Harry,28-02-1998,harryspec@gmail.com,9888775566
mitty,potty,,,
bond,james,07-07-2007,007@mi6.com,9899890987
bond,dsfdsf,20-02-2011,mfmffm@gmail.com,98980098
hkhjkhjk,hjkhjkhjk,21-03-2003,degfdgdf@gmail.com,8788997655
Fisher,Sam,21-01-2001,samfisher@anon.com,9899876787
dgfdgfg,dfgdfgdfg,23-02-2200,dfjkdfk@sdhgfsdh.com,8488485868
kjk,jkjk,21-08-2001,dfdfgdg@gmail.com,546565656
kjk,jkjk,21-08-2001,dfdfgdg@gmail.com,546565656
ujkjhkhjk,jhkjhkjkh,jkhjkdsfdf,dfgdfgdfg,dfgdfgdfg
gh,gh,gh,gh,gh
grim,grim,grim,grim,grim
ty,ty,ty,ty,ty
th,th,th,th,th
th,tg,tg,tg,tg
ef,ef,ef,ef,ef
er,er,er,er,er
